collision_index,food_density
2025010551786,32
2025010551795,34
2025010551802,5
2025010551812,1
2025010551864,1
2025010551873,14
2025010551892,10
2025010551896,25
2025010551897,72
2025010551913,1
2025010551965,12
2025010551982,3
2025010551994,6
2025010552007,4
2025010552008,33
2025010552017,10
2025010552026,1
2025010552029,26
2025010552042,124
2025010552072,16
2025010552073,1
2025010552090,1
2025010552095,18
2025010552105,1
2025010552118,50
2025010552125,39
2025010552130,48
2025010552147,2
2025010552153,1
2025010552162,24
2025010552167,98
2025010552169,13
2025010552170,17
2025010552177,12
2025010552179,15
2025010552187,15
2025010552197,28
2025010552217,4
2025010552226,1
2025010552235,6
2025010552238,27
2025010552245,16
2025010552253,5
2025010552256,14
2025010552289,1
2025010552303,21
2025010552305,16
2025010552310,5
2025010552317,1
2025010552322,91
2025010552326,8
2025010552338,6
2025010552341,37
2025010552352,116
2025010552357,23
2025010552358,34
2025010552361,11
2025010552362,5
2025010552378,1
2025010552389,1
2025010552415,4
2025010552460,1
2025010552466,5
2025010552469,2
2025010552473,1
2025010552478,63
2025010552491,3
2025010552506,18
2025010552517,4
2025010552521,52
2025010552527,13
2025010552538,8
2025010552547,8
2025010552555,43
2025010552562,11
2025010552567,6
2025010552577,37
2025010552588,33
2025010552595,4
2025010552601,8
2025010552608,25
2025010552620,3
2025010552623,15
2025010552633,44
2025010552636,3
2025010552637,21
2025010552638,4
2025010552642,117
2025010552647,1
2025010552666,3
2025010552690,9
2025010552728,66
2025010552733,23
2025010552747,11
2025010552751,28
2025010552754,48
2025010552755,18
2025010552762,1
2025010552764,5
2025010552766,19
2025010552775,12
2025010552777,14
2025010552782,1
2025010552783,9
2025010552803,1
2025010552814,13
2025010552816,12
2025010552830,1
2025010552842,1
2025010552845,9
2025010552849,22
2025010552851,49
2025010552853,1
2025010552857,1
2025010552860,26
2025010552867,95
2025010552883,1
2025010552885,4
2025010552892,45
2025010552895,1
2025010552905,29
2025010552916,15
2025010552928,15
2025010552930,11
2025010552935,23
2025010552952,3
2025010552953,59
2025010552959,3
2025010552969,50
2025010552973,199
2025010552984,33
2025010552986,1
2025010552992,1
2025010553001,5
2025010553005,6
2025010553015,2
2025010553021,50
2025010553025,3
2025010553032,1
2025010553051,19
2025010553057,23
2025010553063,12
2025010553070,13
2025010553084,60
2025010553101,1
2025010553107,3
2025010553118,1
2025010553119,8
2025010553124,65
2025010553131,123
2025010553136,22
2025010553142,82
2025010553144,7
2025010553148,22
2025010553150,5
2025010553153,1
2025010553159,1
2025010553162,1
2025010553177,1
2025010553178,11
2025010553199,24
2025010553205,19
2025010553231,23
2025010553259,47
2025010553268,10
2025010553276,97
2025010553284,21
2025010553297,16
2025010553298,20
2025010553302,1
2025010553332,11
2025010553335,70
2025010553354,30
2025010553362,6
2025010553379,2
2025010553387,1
2025010553391,53
2025010553406,1
2025010553410,44
2025010553418,6
2025010553429,1
2025010553443,59
2025010553456,1
2025010553459,3
2025010553462,6
2025010553476,1
2025010553480,431
2025010553496,27
2025010553512,28
2025010553536,6
2025010553539,44
2025010553575,3
2025010553590,18
2025010553599,15
2025010553608,103
2025010553630,10
2025010553640,131
2025010553660,5
2025010553664,6
2025010553668,10
2025010553672,1
2025010553702,13
2025010553705,26
2025010553706,7
2025010553710,90
2025010553717,41
2025010553725,16
2025010553731,2
2025010553738,12
2025010553757,10
2025010553761,18
2025010553763,10
2025010553766,8
2025010553788,19
2025010553804,25
2025010553825,3
2025010553827,13
2025010553829,22
2025010553831,1
2025010553850,1
2025010553856,34
2025010553857,30
2025010553875,11
2025010553877,5
2025010553882,8
2025010553887,1
2025010553888,1
2025010553892,81
2025010553898,15
2025010553902,103
2025010553906,19
2025010553913,105
2025010553917,12
2025010553925,50
2025010553935,53
2025010553944,34
2025010553953,1
2025010553969,2
2025010553978,8
2025010553979,60
2025010553984,15
2025010554001,1
2025010554002,18
2025010554003,1
2025010554008,13
2025010554019,11
2025010554038,21
2025010554044,6
2025010554076,19
2025010554092,9
2025010554093,1
2025010554142,12
2025010554144,12
2025010554152,1
2025010554155,93
2025010554158,140
2025010554159,18
2025010554161,12
2025010554164,58
2025010554173,1
2025010554193,1
2025010554201,14
2025010554206,3
2025010554215,5
2025010554229,1
2025010554233,14
2025010554240,11
2025010554254,1
2025010554255,100
2025010554261,51
2025010554263,8
2025010554264,68
2025010554268,6
2025010554272,22
2025010554275,1
2025010554288,22
2025010554291,71
2025010554301,1
2025010554312,23
2025010554314,16
2025010554321,16
2025010554349,3
2025010554350,22
2025010554361,32
2025010554362,1
2025010554366,15
2025010554379,6
2025010554382,33
2025010554383,14
2025010554384,1
2025010554399,17
2025010554408,42
2025010554409,1
2025010554412,20
2025010554421,1
2025010554426,1
2025010554430,26
2025010554467,17
2025010554469,11
2025010554474,18
2025010554477,70
2025010554480,13
2025010554487,34
2025010554513,13
2025010554515,61
2025010554517,66
2025010554522,24
2025010554544,9
2025010554555,1
2025010554557,40
2025010554559,72
2025010554562,4
2025010554563,15
2025010554573,5
2025010554576,2
2025010554592,31
2025010554604,17
2025010554607,29
2025010554608,1
2025010554615,18
2025010554621,7
2025010554622,2
2025010554626,50
2025010554628,83
2025010554646,9
2025010554659,31
2025010554684,10
2025010554700,53
2025010554708,1
2025010554746,9
2025010554750,2
2025010554753,33
2025010554762,1
2025010554766,2
2025010554769,88
2025010554781,17
2025010554788,14
2025010554793,1
2025010554796,31
2025010554809,59
2025010554819,2
2025010554823,14
2025010554832,15
2025010554838,12
2025010554843,11
2025010554851,48
2025010554854,1
2025010554865,37
2025010554869,28
2025010554883,10
2025010554892,1
2025010554916,40
2025010554919,113
2025010554921,15
2025010554922,106
2025010554926,8
2025010554931,6
2025010554945,12
2025010554946,4
2025010554947,30
2025010554960,15
2025010554961,1
2025010554966,26
2025010554969,71
2025010554970,50
2025010554987,3
2025010554993,41
2025010554995,8
2025010555006,5
2025010555010,1
2025010555014,55
2025010555021,47
2025010555032,15
2025010555036,9
2025010555047,3
2025010555052,41
2025010555064,17
2025010555065,20
2025010555074,15
2025010555109,23
2025010555110,291
2025010555114,37
2025010555115,4
2025010555121,6
2025010555128,44
2025010555186,79
2025010555198,81
2025010555218,19
2025010555225,1
2025010555226,3
2025010555239,2
2025010555243,70
2025010555251,15
2025010555255,15
2025010555257,14
2025010555264,54
2025010555266,14
2025010555272,70
2025010555282,5
2025010555285,400
2025010555288,13
2025010555290,15
2025010555291,47
2025010555295,22
2025010555296,13
2025010555298,65
2025010555302,33
2025010555307,1
2025010555310,1
2025010555318,11
2025010555320,61
2025010555328,64
2025010555331,1
2025010555336,7
2025010555341,14
2025010555348,12
2025010555355,130
2025010555360,93
2025010555361,19
2025010555374,12
2025010555380,55
2025010555398,41
2025010555404,11
2025010555406,8
2025010555413,8
2025010555428,32
2025010555429,46
2025010555433,4
2025010555442,45
2025010555444,1
2025010555445,1
2025010555446,24
2025010555456,8
2025010555460,70
2025010555462,1
2025010555464,23
2025010555465,5
2025010555466,61
2025010555475,2
2025010555500,1
2025010555505,5
2025010555507,15
2025010555520,41
2025010555524,1
2025010555535,1
2025010555552,57
2025010555564,84
2025010555573,1
2025010555583,45
2025010555589,47
2025010555594,8
2025010555601,4
2025010555605,74
2025010555619,11
2025010555636,45
2025010555642,1
2025010555644,1
2025010555648,1
2025010555651,4
2025010555659,36
2025010555667,45
2025010555669,1
2025010555670,31
2025010555680,30
2025010555686,2
2025010555687,59
2025010555703,1
2025010555704,10
2025010555705,29
2025010555708,29
2025010555711,29
2025010555719,1
2025010555724,28
2025010555744,25
2025010555788,1
2025010555793,1
2025010555794,29
2025010555811,28
2025010555813,1
2025010555816,1
2025010555819,29
2025010555822,1
2025010555828,440
2025010555835,27
2025010555856,74
2025010555857,30
2025010555864,38
2025010555868,1
2025010555873,22
2025010555887,59
2025010555918,3
2025010555926,2
2025010555957,28
2025010555959,1
2025010555986,65
2025010555987,59
2025010555991,36
2025010556005,10
2025010556007,66
2025010556022,8
2025010556031,10
2025010556056,4
2025010556058,41
2025010556059,59
2025010556101,6
2025010556113,13
2025010556135,30
2025010556151,4
2025010556153,5
2025010556154,8
2025010556156,5
2025010556164,1
2025010556168,8
2025010556173,1
2025010556180,1
2025010556193,13
2025010556202,4
2025010556205,9
2025010556215,2
2025010556240,109
2025010556242,42
2025010556254,14
2025010556255,58
2025010556265,1
2025010556269,26
2025010556284,49
2025010556291,29
2025010556293,37
2025010556303,10
2025010556314,74
2025010556318,1
2025010556323,6
2025010556332,14
2025010556339,23
2025010556354,1
2025010556363,15
2025010556364,19
2025010556368,1
2025010556369,1
2025010556370,1
2025010556375,47
2025010556379,49
2025010556387,4
2025010556389,22
2025010556397,1
2025010556406,49
2025010556414,26
2025010556420,1
2025010556421,2
2025010556422,15
2025010556427,34
2025010556431,121
2025010556462,1
2025010556477,26
2025010556480,9
2025010556487,14
2025010556502,5
2025010556503,16
2025010556506,8
2025010556508,13
2025010556509,1
2025010556510,2
2025010556512,25
2025010556526,13
2025010556529,9
2025010556535,10
2025010556538,69
2025010556541,14
2025010556547,11
2025010556548,2
2025010556549,40
2025010556568,107
2025010556571,23
2025010556580,13
2025010556584,4
2025010556590,1
2025010556595,17
2025010556612,10
2025010556613,51
2025010556615,26
2025010556618,19
2025010556619,9
2025010556628,73
2025010556634,8
2025010556637,1
2025010556639,119
2025010556656,12
2025010556660,29
2025010556663,56
2025010556669,1
2025010556673,12
2025010556678,57
2025010556681,10
2025010556688,2
2025010556692,28
2025010556704,11
2025010556705,47
2025010556717,2
2025010556722,7
2025010556726,7
2025010556732,4
2025010556736,4
2025010556742,115
2025010556747,26
2025010556750,14
2025010556751,4
2025010556762,8
2025010556767,90
2025010556779,15
2025010556794,10
2025010556797,27
2025010556805,30
2025010556807,17
2025010556809,11
2025010556817,28
2025010556837,8
2025010556847,74
2025010556860,101
2025010556866,29
2025010556901,99
2025010556905,29
2025010556920,39
2025010556937,1
2025010556939,24
2025010556948,1
2025010556955,52
2025010556976,34
2025010556982,1
2025010556987,102
2025010556991,26
2025010557015,1
2025010557026,17
2025010557044,1
2025010557049,13
2025010557052,6
2025010557054,1
2025010557057,6
2025010557060,12
2025010557065,17
2025010557071,1
2025010557072,12
2025010557075,7
2025010557078,2
2025010557080,4
2025010557094,2
2025010557099,4
2025010557112,52
2025010557114,131
2025010557115,1
2025010557121,90
2025010557130,9
2025010557166,55
2025010557170,9
2025010557176,19
2025010557177,27
2025010557185,22
2025010557187,69
2025010557195,2
2025010557203,1
2025010557208,1
2025010557220,3
2025010557242,6
2025010557250,6
2025010557254,1
2025010557257,1
2025010557268,32
2025010557274,10
2025010557275,8
2025010557279,23
2025010557296,15
2025010557304,26
2025010557314,66
2025010557322,1
2025010557342,1
2025010557346,26
2025010557360,23
2025010557362,2
2025010557363,110
2025010557365,25
2025010557371,31
2025010557372,2
2025010557377,1
2025010557378,39
2025010557380,1
2025010557383,59
2025010557414,5
2025010557424,29
2025010557426,4
2025010557442,1
2025010557447,1
2025010557449,4
2025010557454,78
2025010557465,3
2025010557466,17
2025010557481,7
2025010557488,1
2025010557503,6
2025010557548,11
2025010557561,5
2025010557575,11
2025010557579,6
2025010557587,104
2025010557590,1
2025010557600,72
2025010557602,11
2025010557607,21
2025010557610,1
2025010557625,14
2025010557635,1
2025010557639,58
2025010557649,1
2025010557654,69
2025010557659,2
2025010557662,11
2025010557665,15
2025010557668,4
2025010557673,1
2025010557683,89
2025010557686,16
2025010557698,1
2025010557708,7
2025010557724,2
2025010557726,73
2025010557727,3
2025010557731,19
2025010557733,2
2025010557738,28
2025010557748,13
2025010557754,5
2025010557767,18
2025010557769,2
2025010557778,97
2025010557792,9
2025010557812,13
2025010557815,4
2025010557817,2
2025010557822,76
2025010557827,3
2025010557828,75
2025010557831,22
2025010557838,3
2025010557841,2
2025010557856,100
2025010557865,9
2025010557869,1
2025010557878,92
2025010557883,30
2025010557886,1
2025010557892,24
2025010557899,1
2025010557906,15
2025010557907,1
2025010557913,1
2025010557920,41
2025010557922,4
2025010557927,2
2025010557928,1
2025010557931,4
2025010557935,4
2025010557946,4
2025010557947,38
2025010557950,2
2025010557954,8
2025010557955,59
2025010557971,15
2025010557973,22
2025010557998,28
2025010558009,41
2025010558013,24
2025010558015,1
2025010558020,16
2025010558021,67
2025010558024,3
2025010558035,26
2025010558037,2
2025010558040,1
2025010558041,53
2025010558057,33
2025010558063,1
2025010558081,8
2025010558090,23
2025010558092,6
2025010558093,1
2025010558095,4
2025010558101,1
2025010558105,1
2025010558108,1
2025010558118,19
2025010558127,42
2025010558136,3
2025010558137,8
2025010558146,7
2025010558159,56
2025010558216,77
2025010558248,6
2025010558260,2
2025010558270,33
2025010558275,20
2025010558282,13
2025010558285,1
2025010558286,1
2025010558287,99
2025010558288,5
2025010558324,1
2025010558328,3
2025010558330,1
2025010558346,12
2025010558349,1
2025010558366,9
2025010558370,45
2025010558373,169
2025010558376,57
2025010558388,61
2025010558400,73
2025010558401,4
2025010558407,10
2025010558423,50
2025010558424,14
2025010558451,15
2025010558457,20
2025010558482,1
2025010558489,1
2025010558499,39
2025010558502,24
2025010558512,11
2025010558514,4
2025010558529,20
2025010558561,6
2025010558564,1
2025010558565,66
2025010558570,29
2025010558577,2
2025010558588,113
2025010558608,98
2025010558613,1
2025010558644,1
2025010558659,48
2025010558661,33
2025010558667,257
2025010558668,40
2025010558669,46
2025010558671,34
2025010558672,10
2025010558675,36
2025010558704,21
2025010558708,37
2025010558715,4
2025010558721,1
2025010558726,1
2025010558739,16
2025010558760,1
2025010558768,2
2025010558777,28
2025010558780,27
2025010558782,31
2025010558797,1
2025010558816,30
2025010558819,44
2025010558822,25
2025010558836,29
2025010558843,5
2025010558847,6
2025010558854,1
2025010558863,11
2025010558866,105
2025010558868,13
2025010558871,13
2025010558877,12
2025010558891,74
2025010558892,60
2025010558893,1
2025010558895,69
2025010558897,1
2025010558907,2
2025010558913,13
2025010558926,28
2025010558934,65
2025010558938,1
2025010558939,21
2025010558953,7
2025010558960,120
2025010558961,1
2025010558976,25
2025010558979,4
2025010558992,12
2025010558993,4
2025010559001,12
2025010559016,19
2025010559019,75
2025010559022,94
2025010559035,24
2025010559044,39
2025010559045,1
2025010559047,1
2025010559050,21
2025010559074,4
2025010559080,5
2025010559081,1
2025010559087,3
2025010559090,40
2025010559091,41
2025010559095,36
2025010559100,2
2025010559108,7
2025010559111,15
2025010559119,6
2025010559134,8
2025010559139,17
2025010559141,50
2025010559152,24
2025010559176,12
2025010559177,125
2025010559180,47
2025010559185,63
2025010559187,1
2025010559190,43
2025010559192,12
2025010559195,21
2025010559213,27
2025010559223,10
2025010559242,1
2025010559245,3
2025010559249,19
2025010559253,57
2025010559260,4
2025010559262,26
2025010559272,9
2025010559279,468
2025010559280,1
2025010559283,1
2025010559295,81
2025010559299,78
2025010559300,1
2025010559301,2
2025010559305,1
2025010559306,11
2025010559308,5
2025010559313,1
2025010559319,35
2025010559339,4
2025010559343,3
2025010559345,13
2025010559355,4
2025010559362,1
2025010559381,1
2025010559391,13
2025010559396,49
2025010559399,11
2025010559402,5
2025010559405,41
2025010559410,100
2025010559413,73
2025010559418,38
2025010559420,2
2025010559439,1
2025010559442,57
2025010559472,11
2025010559479,104
2025010559480,18
2025010559486,2
2025010559487,12
2025010559491,15
2025010559499,1
2025010559524,1
2025010559526,5
2025010559530,72
2025010559543,1
2025010559546,36
2025010559556,15
2025010559565,10
2025010559566,16
2025010559576,38
2025010559585,25
2025010559586,4
2025010559595,14
2025010559598,6
2025010559600,14
2025010559603,4
2025010559605,10
2025010559607,22
2025010559613,9
2025010559620,121
2025010559629,20
2025010559636,45
2025010559644,3
2025010559647,23
2025010559652,25
2025010559655,6
2025010559662,31
2025010559664,1
2025010559665,49
2025010559678,12
2025010559679,7
2025010559680,41
2025010559684,92
2025010559706,40
2025010559711,1
2025010559712,13
2025010559714,45
2025010559721,108
2025010559730,44
2025010559745,38
2025010559758,28
2025010559763,52
2025010559764,1
2025010559769,20
2025010559779,5
2025010559791,2
2025010559795,6
2025010559799,16
2025010559820,5
2025010559822,19
2025010559826,28
2025010559836,73
2025010559844,12
2025010559849,13
2025010559851,103
2025010559862,1
2025010559869,4
2025010559874,6
2025010559877,22
2025010559878,6
2025010559880,1
2025010559882,2
2025010559886,61
2025010559889,18
2025010559890,26
2025010559893,4
2025010559907,14
2025010559908,7
2025010559910,3
2025010559913,23
2025010559925,90
2025010559938,9
2025010559943,5
2025010559948,82
2025010559957,1
2025010559980,45
2025010559981,50
2025010559988,1
2025010559992,4
2025010559996,460
2025010560003,10
2025010560005,1
2025010560009,31
2025010560019,50
2025010560021,33
2025010560026,2
2025010560040,48
2025010560046,13
2025010560048,4
2025010560051,28
2025010560053,17
2025010560057,2
2025010560059,33
2025010560065,7
2025010560076,38
2025010560084,115
2025010560086,14
2025010560093,18
2025010560096,93
2025010560097,18
2025010560100,71
2025010560126,55
2025010560131,4
2025010560145,44
2025010560147,44
2025010560151,1
2025010560154,102
2025010560162,9
2025010560175,23
2025010560181,34
2025010560182,8
2025010560208,8
2025010560221,67
2025010560223,39
2025010560236,22
2025010560257,114
2025010560258,31
2025010560292,22
2025010560296,26
2025010560306,12
2025010560307,31
2025010560312,23
2025010560313,15
2025010560323,9
2025010560326,174
2025010560331,3
2025010560337,3
2025010560339,4
2025010560341,5
2025010560342,1
2025010560352,12
2025010560353,28
2025010560355,1
2025010560358,40
2025010560360,50
2025010560361,65
2025010560366,1
2025010560372,7
2025010560384,39
2025010560392,47
2025010560393,27
2025010560401,8
2025010560413,414
2025010560417,16
2025010560419,92
2025010560424,23
2025010560431,128
2025010560432,66
2025010560444,1
2025010560445,7
2025010560447,22
2025010560450,46
2025010560456,3
2025010560460,34
2025010560466,7
2025010560474,7
2025010560475,1
2025010560495,12
2025010560500,8
2025010560504,17
2025010560519,1
2025010560524,18
2025010560527,4
2025010560539,11
2025010560540,5
2025010560543,6
2025010560557,66
2025010560560,50
2025010560571,3
2025010560578,16
2025010560598,5
2025010560599,4
2025010560613,81
2025010560616,4
2025010560627,13
2025010560637,90
2025010560640,2
2025010560644,8
2025010560651,55
2025010560667,1
2025010560673,1
2025010560678,4
2025010560687,10
2025010560692,100
2025010560693,1
2025010560697,22
2025010560698,18
2025010560707,1
2025010560709,33
2025010560713,13
2025010560717,10
2025010560721,52
2025010560722,40
2025010560723,29
2025010560734,4
2025010560737,15
2025010560744,8
2025010560747,2
2025010560754,2
2025010560764,1
2025010560779,3
2025010560796,1
2025010560819,39
2025010560839,14
2025010560850,1
2025010560852,11
2025010560863,4
2025010560869,1
2025010560877,45
2025010560878,135
2025010560896,6
2025010560906,11
2025010560914,81
2025010560916,4
2025010560918,23
2025010560933,5
2025010560934,69
2025010560936,11
2025010560937,30
2025010560940,5
2025010560955,15
2025010560957,9
2025010560958,33
2025010560964,34
2025010560967,13
2025010560969,91
2025010560976,7
2025010560984,16
2025010560988,198
2025010560990,14
2025010560992,1
2025010560993,16
2025010560997,16
2025010561000,4
2025010561001,1
2025010561004,5
2025010561006,68
2025010561015,9
2025010561016,5
2025010561025,464
2025010561029,65
2025010561034,1
2025010561039,92
2025010561042,6
2025010561044,1
2025010561045,28
2025010561046,27
2025010561049,1
2025010561050,6
2025010561055,190
2025010561059,6
2025010561060,20
2025010561065,134
2025010561079,6
2025010561083,11
2025010561086,1
2025010561095,49
2025010561097,1
2025010561107,54
2025010561122,1
2025010561124,6
2025010561129,14
2025010561130,30
2025010561150,11
2025010561153,1
2025010561154,29
2025010561157,78
2025010561164,1
2025010561174,41
2025010561178,3
2025010561180,24
2025010561186,2
2025010561208,35
2025010561232,1
2025010561244,44
2025010561246,19
2025010561254,20
2025010561256,106
2025010561261,23
2025010561262,1
2025010561264,13
2025010561265,54
2025010561269,7
2025010561277,74
2025010561290,5
2025010561292,7
2025010561301,10
2025010561304,42
2025010561311,20
2025010561316,135
2025010561325,3
2025010561328,70
2025010561331,16
2025010561336,65
2025010561337,44
2025010561341,46
2025010561357,8
2025010561358,284
2025010561364,35
2025010561387,1
2025010561390,22
2025010561398,4
2025010561404,80
2025010561405,1
2025010561423,1
2025010561440,19
2025010561443,50
2025010561446,2
2025010561447,7
2025010561450,14
2025010561453,20
2025010561455,20
2025010561461,60
2025010561468,6
2025010561474,24
2025010561478,1
2025010561488,170
2025010561494,1
2025010561496,1
2025010561499,2
2025010561501,1
2025010561504,48
2025010561517,1
2025010561530,63
2025010561536,16
2025010561537,1
2025010561538,10
2025010561541,82
2025010561549,24
2025010561558,45
2025010561564,23
2025010561565,34
2025010561568,1
2025010561570,70
2025010561583,5
2025010561608,51
2025010561617,20
2025010561623,1
2025010561624,1
2025010561633,26
2025010561644,46
2025010561649,111
2025010561650,1
2025010561669,4
2025010561672,14
2025010561682,15
2025010561685,11
2025010561694,67
2025010561698,8
2025010561700,1
2025010561704,15
2025010561710,21
2025010561711,22
2025010561714,78
2025010561730,100
2025010561741,64
2025010561750,1
2025010561752,24
2025010561759,1
2025010561763,2
2025010561766,47
2025010561769,1
2025010561793,1
2025010561820,10
2025010561824,8
2025010561833,23
2025010561841,34
2025010561846,77
2025010561853,5
2025010561874,48
2025010561878,4
2025010561907,59
2025010561910,37
2025010561913,1
2025010561925,1
2025010561929,33
2025010561933,6
2025010561944,54
2025010561985,13
2025010561995,6
2025010561996,1
2025010562004,17
2025010562011,5
2025010562018,2
2025010562020,3
2025010562022,48
2025010562026,3
2025010562034,2
2025010562044,108
2025010562050,5
2025010562052,1
2025010562076,5
2025010562077,33
2025010562079,10
2025010562084,12
2025010562109,92
2025010562110,6
2025010562127,4
2025010562128,25
2025010562131,30
2025010562133,60
2025010562134,13
2025010562135,1
2025010562148,2
2025010562152,5
2025010562155,7
2025010562157,6
2025010562159,31
2025010562186,10
2025010562188,45
2025010562190,261
2025010562195,42
2025010562210,27
2025010562213,5
2025010562217,38
2025010562219,94
2025010562227,5
2025010562236,8
2025010562241,8
2025010562242,1
2025010562244,6
2025010562255,15
2025010562260,1
2025010562266,2
2025010562288,74
2025010562289,54
2025010562296,2
2025010562302,3
2025010562306,2
2025010562309,67
2025010562323,2
2025010562327,2
2025010562346,41
2025010562354,5
2025010562360,32
2025010562361,15
2025010562380,32
2025010562384,24
2025010562397,28
2025010562411,1
2025010562417,4
2025010562425,71
2025010562427,1
2025010562428,1
2025010562441,11
2025010562454,95
2025010562458,16
2025010562460,1
2025010562463,30
2025010562468,2
2025010562472,31
2025010562476,1
2025010562490,19
2025010562494,5
2025010562509,103
2025010562516,22
2025010562518,12
2025010562521,41
2025010562525,38
2025010562552,7
2025010562562,6
2025010562564,1
2025010562567,2
2025010562568,27
2025010562569,71
2025010562575,88
2025010562578,10
2025010562590,45
2025010562592,30
2025010562599,9
2025010562603,24
2025010562604,10
2025010562605,9
2025010562615,65
2025010562617,4
2025010562621,1
2025010562622,29
2025010562623,2
2025010562640,5
2025010562646,16
2025010562648,57
2025010562649,1
2025010562650,73
2025010562659,1
2025010562670,12
2025010562674,38
2025010562677,81
2025010562687,23
2025010562698,66
2025010562703,1
2025010562712,12
2025010562715,129
2025010562725,3
2025010562728,1
2025010562735,1
2025010562739,18
2025010562741,1
2025010562743,45
2025010562745,18
2025010562748,70
2025010562755,2
2025010562769,6
2025010562775,88
2025010562776,37
2025010562781,65
2025010562786,84
2025010562791,16
2025010562794,14
2025010562795,1
2025010562812,13
2025010562818,23
2025010562823,1
2025010562824,60
2025010562833,3
2025010562841,135
2025010562842,14
2025010562845,1
2025010562849,127
2025010562852,111
2025010562853,93
2025010562855,7
2025010562863,3
2025010562867,1
2025010562873,77
2025010562874,1
2025010562878,1
2025010562879,1
2025010562886,73
2025010562887,48
2025010562900,1
2025010562916,1
2025010562917,1
2025010562925,7
2025010562928,1
2025010562929,1
2025010562931,10
2025010562935,3
2025010562951,3
2025010562957,1
2025010562967,12
2025010562968,9
2025010562969,9
2025010562971,1
2025010562983,4
2025010562985,1
2025010562987,10
2025010562990,5
2025010562993,8
2025010563007,158
2025010563014,14
2025010563018,14
2025010563020,4
2025010563021,1
2025010563036,39
2025010563040,4
2025010563058,8
2025010563086,4
2025010563087,36
2025010563097,1
2025010563098,5
2025010563100,6
2025010563101,1
2025010563103,1
2025010563107,1
2025010563136,26
2025010563150,9
2025010563153,4
2025010563159,1
2025010563169,10
2025010563170,3
2025010563171,1
2025010563182,8
2025010563186,3
2025010563191,3
2025010563225,2
2025010563228,2
2025010563231,3
2025010563259,10
2025010563267,8
2025010563268,32
2025010563273,4
2025010563278,1
2025010563285,101
2025010563298,2
2025010563304,1
2025010563319,58
2025010563320,30
2025010563325,1
2025010563326,1
2025010563338,1
2025010563343,31
2025010563350,19
2025010563365,9
2025010563370,18
2025010563373,1
2025010563380,33
2025010563382,19
2025010563396,7
2025010563398,6
2025010563400,1
2025010563401,64
2025010563404,33
2025010563413,99
2025010563421,25
2025010563436,26
2025010563443,39
2025010563445,3
2025010563453,9
2025010563455,20
2025010563459,4
2025010563466,1
2025010563467,2
2025010563470,45
2025010563476,67
2025010563486,68
2025010563492,4
2025010563496,4
2025010563498,1
2025010563503,83
2025010563505,12
2025010563513,6
2025010563514,14
2025010563526,25
2025010563529,12
2025010563531,4
2025010563537,44
2025010563541,58
2025010563546,29
2025010563547,7
2025010563550,4
2025010563552,1
2025010563561,3
2025010563564,1
2025010563565,18
2025010563570,10
2025010563573,1
2025010563582,2
2025010563584,9
2025010563586,34
2025010563592,13
2025010563596,61
2025010563600,79
2025010563603,1
2025010563608,42
2025010563624,13
2025010563626,9
2025010563633,73
2025010563635,17
2025010563667,33
2025010563670,35
2025010563673,6
2025010563677,1
2025010563680,1
2025010563681,1
2025010563688,6
2025010563690,6
2025010563693,1
2025010563702,119
2025010563708,66
2025010563709,30
2025010563711,1
2025010563722,3
2025010563726,37
2025010563740,26
2025010563744,3
2025010563746,133
2025010563753,1
2025010563755,1
2025010563760,36
2025010563764,2
2025010563767,30
2025010563770,27
2025010563784,1
2025010563792,59
2025010563799,8
2025010563801,131
2025010563804,107
2025010563809,1
2025010563818,9
2025010563819,1
2025010563828,61
2025010563832,4
2025010563844,25
2025010563858,52
2025010563865,5
2025010563893,1
2025010563900,6
2025010563904,1
2025010563908,12
2025010563912,8
2025010563925,87
2025010563932,29
2025010563937,27
2025010563945,19
2025010563946,7
2025010563950,22
2025010563951,41
2025010563969,34
2025010563986,3
2025010563998,1
2025010564006,67
2025010564008,41
2025010564024,1
2025010564030,1
2025010564045,13
2025010564046,22
2025010564047,90
2025010564055,22
2025010564062,14
2025010564063,17
2025010564071,1
2025010564074,13
2025010564080,40
2025010564082,1
2025010564092,9
2025010564094,33
2025010564102,6
2025010564105,3
2025010564115,4
2025010564131,1
2025010564135,1
2025010564141,11
2025010564150,21
2025010564173,8
2025010564175,23
2025010564180,1
2025010564186,7
2025010564196,5
2025010564206,10
2025010564208,1
2025010564212,22
2025010564213,15
2025010564227,6
2025010564246,20
2025010564257,5
2025010564263,2
2025010564267,13
2025010564282,1
2025010564290,3
2025010564291,5
2025010564307,4
2025010564312,19
2025010564330,6
2025010564335,16
2025010564336,40
2025010564342,2
2025010564352,36
2025010564359,34
2025010564363,1
2025010564368,27
2025010564371,74
2025010564379,39
2025010564383,11
2025010564395,31
2025010564402,65
2025010564408,2
2025010564413,297
2025010564416,1
2025010564427,54
2025010564431,1
2025010564438,2
2025010564441,28
2025010564450,1
2025010564456,1
2025010564468,52
2025010564474,18
2025010564486,70
2025010564493,1
2025010564494,65
2025010564497,1
2025010564500,25
2025010564503,3
2025010564507,18
2025010564521,11
2025010564527,2
2025010564533,17
2025010564534,8
2025010564536,8
2025010564558,1
2025010564564,1
2025010564578,3
2025010564584,7
2025010564589,66
2025010564614,5
2025010564620,6
2025010564624,2
2025010564625,14
2025010564629,12
2025010564649,60
2025010564659,1
2025010564666,119
2025010564675,1
2025010564684,1
2025010564687,28
2025010564688,3
2025010564689,2
2025010564693,20
2025010564695,11
2025010564712,8
2025010564722,39
2025010564728,110
2025010564738,1
2025010564739,86
2025010564745,93
2025010564750,32
2025010564751,118
2025010564752,117
2025010564755,2
2025010564759,65
2025010564763,43
2025010564764,3
2025010564785,126
2025010564788,1
2025010564790,38
2025010564801,22
2025010564803,183
2025010564804,176
2025010564810,42
2025010564811,37
2025010564829,17
2025010564833,1
2025010564834,21
2025010564838,3
2025010564839,1
2025010564842,3
2025010564844,6
2025010564855,4
2025010564862,3
2025010564869,7
2025010564875,40
2025010564879,10
2025010564882,84
2025010564895,6
2025010564896,94
2025010564907,42
2025010564908,1
2025010564913,13
2025010564918,9
2025010564925,1
2025010564932,1
2025010564938,3
2025010564939,1
2025010564940,6
2025010564941,38
2025010564944,1
2025010564947,11
2025010564949,1
2025010564951,3
2025010564952,1
2025010564961,12
2025010564963,32
2025010564964,13
2025010564971,12
2025010564974,5
2025010564975,1
2025010564976,54
2025010564980,25
2025010564982,3
2025010564988,5
2025010565005,3
2025010565010,49
2025010565012,1
2025010565017,1
2025010565018,1
2025010565040,6
2025010565045,1
2025010565051,252
2025010565053,1
2025010565065,24
2025010565069,17
2025010565072,1
2025010565074,29
2025010565078,23
2025010565081,31
2025010565086,15
2025010565091,56
2025010565096,15
2025010565101,12
2025010565102,11
2025010565106,13
2025010565133,1
2025010565138,42
2025010565142,6
2025010565148,21
2025010565151,2
2025010565161,14
2025010565164,23
2025010565166,1
2025010565167,24
2025010565171,22
2025010565188,19
2025010565189,27
2025010565198,11
2025010565199,7
2025010565204,3
2025010565205,14
2025010565208,5
2025010565212,30
2025010565220,41
2025010565226,56
2025010565241,4
2025010565246,3
2025010565248,31
2025010565252,1
2025010565253,12
2025010565255,31
2025010565260,73
2025010565270,1
2025010565282,14
2025010565285,9
2025010565287,130
2025010565288,1
2025010565296,1
2025010565297,26
2025010565298,70
2025010565311,22
2025010565313,1
2025010565322,1
2025010565324,9
2025010565329,1
2025010565336,9
2025010565346,13
2025010565353,1
2025010565355,2
2025010565358,3
2025010565362,23
2025010565367,2
2025010565372,1
2025010565379,14
2025010565392,4
2025010565393,3
2025010565397,6
2025010565408,24
2025010565426,43
2025010565429,23
2025010565433,25
2025010565442,3
2025010565443,14
2025010565444,30
2025010565479,18
2025010565492,65
2025010565503,36
2025010565505,1
2025010565517,6
2025010565534,65
2025010565551,13
2025010565559,53
2025010565565,13
2025010565569,25
2025010565576,1
2025010565583,25
2025010565586,93
2025010565587,96
2025010565589,75
2025010565597,23
2025010565603,44
2025010565607,6
2025010565624,37
2025010565628,56
2025010565632,6
2025010565634,13
2025010565663,1
2025010565668,2
2025010565672,18
2025010565692,31
2025010565706,2
2025010565714,26
2025010565721,7
2025010565724,19
2025010565729,80
2025010565736,23
2025010565746,6
2025010565757,116
2025010565763,9
2025010565778,4
2025010565782,35
2025010565784,3
2025010565806,40
2025010565820,4
2025010565825,1
2025010565828,92
2025010565839,9
2025010565848,4
2025010565852,14
2025010565853,53
2025010565863,5
2025010565866,3
2025010565875,36
2025010565882,21
2025010565892,38
2025010565894,1
2025010565914,9
2025010565924,2
2025010565934,22
2025010565943,38
2025010565949,71
2025010565957,15
2025010565964,1
2025010565969,6
2025010565983,326
2025010565986,39
2025010565992,9
2025010565995,1
2025010566021,4
2025010566027,38
2025010566028,10
2025010566029,4
2025010566036,39
2025010566040,1
2025010566046,41
2025010566049,22
2025010566054,13
2025010566058,1
2025010566069,1
2025010566073,7
2025010566076,11
2025010566087,2
2025010566090,26
2025010566096,113
2025010566100,1
2025010566101,4
2025010566119,54
2025010566122,35
2025010566123,11
2025010566130,1
2025010566137,7
2025010566144,128
2025010566157,26
2025010566166,1
2025010566170,18
2025010566179,20
2025010566183,23
2025010566185,1
2025010566193,62
2025010566207,2
2025010566208,6
2025010566209,37
2025010566217,22
2025010566224,82
2025010566225,78
2025010566242,163
2025010566250,29
2025010566256,15
2025010566259,63
2025010566268,49
2025010566273,6
2025010566285,5
2025010566286,30
2025010566288,13
2025010566294,41
2025010566296,28
2025010566303,35
2025010566308,22
2025010566310,22
2025010566322,123
2025010566324,126
2025010566327,5
2025010566334,27
2025010566340,3
2025010566341,6
2025010566345,14
2025010566363,7
2025010566366,20
2025010566373,1
2025010566376,5
2025010566379,2
2025010566381,38
2025010566395,66
2025010566400,12
2025010566407,1
2025010566413,2
2025010566419,12
2025010566421,1
2025010566423,6
2025010566425,17
2025010566429,9
2025010566435,16
2025010566443,50
2025010566451,5
2025010566457,1
2025010566475,32
2025010566476,85
2025010566480,54
2025010566483,2
2025010566485,17
2025010566486,1
2025010566492,5
2025010566497,38
2025010566498,1
2025010566509,1
2025010566513,1
2025010566526,65
2025010566529,8
2025010566543,1
2025010566544,40
2025010566548,5
2025010566555,23
2025010566562,1
2025010566563,1
2025010566566,29
2025010566577,16
2025010566580,15
2025010566585,10
2025010566593,87
2025010566594,13
2025010566597,19
2025010566613,4
2025010566617,7
2025010566623,34
2025010566626,10
2025010566635,5
2025010566645,1
2025010566657,35
2025010566659,3
2025010566673,24
2025010566691,1
2025010566692,9
2025010566697,3
2025010566700,8
2025010566709,1
2025010566719,7
2025010566721,36
2025010566727,1
2025010566744,45
2025010566778,33
2025010566779,18
2025010566820,50
2025010566831,1
2025010566841,32
2025010566850,46
2025010566853,1
2025010566866,3
2025010566872,9
2025010566875,2
2025010566879,18
2025010566897,4
2025010566911,8
2025010566912,35
2025010566915,51
2025010566917,15
2025010566926,26
2025010566927,4
2025010566931,40
2025010566947,18
2025010566950,22
2025010566963,181
2025010566974,15
2025010566991,2
2025010566997,1
2025010566999,18
2025010567004,6
2025010567019,24
2025010567039,12
2025010567044,35
2025010567053,83
2025010567057,58
2025010567058,47
2025010567062,20
2025010567063,18
2025010567080,14
2025010567089,6
2025010567091,9
2025010567101,35
2025010567118,3
2025010567138,1
2025010567148,57
2025010567153,18
2025010567154,3
2025010567161,139
2025010567163,15
2025010567179,2
2025010567202,93
2025010567205,44
2025010567208,46
2025010567212,1
2025010567216,2
2025010567218,1
2025010567227,23
2025010567228,3
2025010567230,1
2025010567238,111
2025010567240,2
2025010567242,2
2025010567245,56
2025010567251,2
2025010567256,1
2025010567263,1
2025010567282,7
2025010567284,22
2025010567290,28
2025010567293,4
2025010567294,1
2025010567304,1
2025010567305,5
2025010567306,23
2025010567308,18
2025010567321,2
2025010567323,8
2025010567324,18
2025010567327,2
2025010567329,61
2025010567335,1
2025010567344,1
2025010567354,22
2025010567357,33
2025010567364,137
2025010567366,12
2025010567372,7
2025010567379,39
2025010567388,22
2025010567390,1
2025010567404,11
2025010567415,22
2025010567420,30
2025010567426,18
2025010567434,2
2025010567443,10
2025010567444,55
2025010567447,5
2025010567448,77
2025010567454,28
2025010567468,32
2025010567489,20
2025010567493,1
2025010567501,36
2025010567510,14
2025010567516,173
2025010567517,34
2025010567536,1
2025010567545,11
2025010567548,7
2025010567556,7
2025010567560,3
2025010567576,22
2025010567578,34
2025010567580,4
2025010567582,16
2025010567586,37
2025010567587,51
2025010567588,6
2025010567589,34
2025010567605,17
2025010567608,8
2025010567613,116
2025010567618,68
2025010567620,8
2025010567624,73
2025010567627,107
2025010567632,13
2025010567633,7
2025010567634,31
2025010567638,44
2025010567641,1
2025010567643,2
2025010567646,85
2025010567647,39
2025010567663,27
2025010567666,7
2025010567678,36
2025010567680,13
2025010567687,5
2025010567693,1
2025010567694,30
2025010567695,24
2025010567700,17
2025010567703,21
2025010567715,26
2025010567717,6
2025010567735,108
2025010567740,1
2025010567754,15
2025010567764,9
2025010567765,23
2025010567766,55
2025010567774,1
2025010567780,1
2025010567783,1
2025010567785,54
2025010567802,1
2025010567803,4
2025010567822,14
2025010567836,61
2025010567844,9
2025010567849,9
2025010567852,4
2025010567854,25
2025010567858,108
2025010567861,1
2025010567863,40
2025010567867,6
2025010567869,11
2025010567878,1
2025010567898,46
2025010567902,29
2025010567923,1
2025010567926,2
2025010567930,89
2025010567931,21
2025010567938,4
2025010567944,6
2025010567945,6
2025010567959,38
2025010567962,4
2025010567963,19
2025010567967,1
2025010567977,13
2025010567983,9
2025010567986,95
2025010567992,35
2025010568003,16
2025010568013,39
2025010568018,17
2025010568019,1
2025010568032,1
2025010568034,1
2025010568038,18
2025010568052,1
2025010568065,5
2025010568067,72
2025010568073,1
2025010568087,113
2025010568088,1
2025010568107,1
2025010568109,34
2025010568111,86
2025010568114,64
2025010568125,33
2025010568128,6
2025010568137,4
2025010568141,1
2025010568177,6
2025010568178,73
2025010568192,3
2025010568198,68
2025010568205,9
2025010568209,20
2025010568228,2
2025010568232,118
2025010568235,23
2025010568238,20
2025010568243,39
2025010568244,26
2025010568253,1
2025010568268,6
2025010568274,29
2025010568277,115
2025010568282,22
2025010568288,6
2025010568290,5
2025010568295,109
2025010568297,40
2025010568299,1
2025010568308,2
2025010568320,92
2025010568322,14
2025010568323,32
2025010568324,35
2025010568327,1
2025010568329,1
2025010568330,2
2025010568338,10
2025010568347,1
2025010568356,58
2025010568364,55
2025010568367,18
2025010568370,5
2025010568373,9
2025010568376,7
2025010568377,71
2025010568396,7
2025010568406,4
2025010568408,58
2025010568413,2
2025010568414,31
2025010568415,22
2025010568416,5
2025010568423,16
2025010568427,35
2025010568428,2
2025010568430,9
2025010568431,12
2025010568433,66
2025010568438,24
2025010568444,17
2025010568445,1
2025010568457,43
2025010568460,6
2025010568468,2
2025010568469,43
2025010568473,1
2025010568474,20
2025010568481,1
2025010568482,4
2025010568491,9
2025010568492,28
2025010568499,25
2025010568501,13
2025010568514,1
2025010568515,1
2025010568518,3
2025010568519,10
2025010568523,1
2025010568536,133
2025010568543,90
2025010568548,15
2025010568570,6
2025010568572,4
2025010568578,5
2025010568580,7
2025010568589,1
2025010568592,75
2025010568598,94
2025010568609,9
2025010568611,1
2025010568620,40
2025010568625,29
2025010568635,1
2025010568636,3
2025010568648,44
2025010568654,33
2025010568659,83
2025010568660,177
2025010568661,1
2025010568668,1
2025010568669,76
2025010568677,18
2025010568715,2
2025010568721,30
2025010568729,100
2025010568744,3
2025010568760,19
2025010568762,7
2025010568766,38
2025010568776,136
2025010568782,16
2025010568784,52
2025010568788,15
2025010568793,155
2025010568801,5
2025010568812,1
2025010568818,20
2025010568819,60
2025010568840,2
2025010568842,1
2025010568843,1
2025010568845,187
2025010568850,23
2025010568852,70
2025010568858,20
2025010568859,407
2025010568868,2
2025010568870,48
2025010568884,98
2025010568887,2
2025010568889,3
2025010568899,23
2025010568904,1
2025010568909,1
2025010568916,3
2025010568928,1
2025010568929,23
2025010568936,14
2025010568938,35
2025010568943,3
2025010568949,13
2025010568952,87
2025010568958,4
2025010568964,17
2025010568966,100
2025010568968,106
2025010568970,36
2025010568985,1
2025010568992,33
2025010568995,18
2025010568996,5
2025010569004,11
2025010569005,16
2025010569006,1
2025010569008,30
2025010569009,43
2025010569018,2
2025010569022,1
2025010569028,7
2025010569030,18
2025010569032,20
2025010569035,1
2025010569039,176
2025010569044,19
2025010569049,5
2025010569051,31
2025010569054,2
2025010569056,78
2025010569073,1
2025010569074,22
2025010569075,1
2025010569098,30
2025010569102,3
2025010569111,23
2025010569112,33
2025010569118,1
2025010569119,24
2025010569121,11
2025010569123,29
2025010569127,20
2025010569128,46
2025010569129,3
2025010569130,16
2025010569136,1
2025010569144,35
2025010569146,45
2025010569149,6
2025010569156,28
2025010569159,22
2025010569170,4
2025010569177,69
2025010569181,4
2025010569194,1
2025010569207,35
2025010569208,10
2025010569219,28
2025010569221,197
2025010569222,11
2025010569233,2
2025010569243,58
2025010569244,3
2025010569251,26
2025010569255,1
2025010569271,9
2025010569274,76
2025010569288,99
2025010569291,4
2025010569292,3
2025010569296,1
2025010569298,51
2025010569300,37
2025010569301,31
2025010569304,4
2025010569311,33
2025010569319,9
2025010569323,30
2025010569325,1
2025010569327,1
2025010569361,1
2025010569374,15
2025010569383,1
2025010569385,1
2025010569397,61
2025010569400,1
2025010569410,1
2025010569418,12
2025010569420,73
2025010569423,26
2025010569428,11
2025010569433,35
2025010569437,34
2025010569442,41
2025010569450,2
2025010569452,8
2025010569455,82
2025010569461,37
2025010569479,4
2025010569480,1
2025010569486,16
2025010569494,1
2025010569515,26
2025010569517,23
2025010569518,29
2025010569531,2
2025010569534,194
2025010569536,14
2025010569541,1
2025010569550,42
2025010569553,3
2025010569567,2
2025010569578,16
2025010569581,35
2025010569584,3
2025010569589,78
2025010569592,1
2025010569593,103
2025010569600,15
2025010569604,1
2025010569617,36
2025010569627,30
2025010569628,26
2025010569634,7
2025010569640,94
2025010569647,5
2025010569648,9
2025010569649,3
2025010569655,9
2025010569659,13
2025010569660,9
2025010569663,1
2025010569664,174
2025010569665,4
2025010569670,42
2025010569681,1
2025010569685,6
2025010569693,1
2025010569696,26
2025010569697,1
2025010569699,7
2025010569701,15
2025010569726,5
2025010569738,37
2025010569739,131
2025010569743,1
2025010569744,40
2025010569748,10
2025010569766,282
2025010569767,120
2025010569772,1
2025010569774,99
2025010569780,2
2025010569781,24
2025010569783,162
2025010569786,12
2025010569794,11
2025010569799,41
2025010569811,1
2025010569824,19
2025010569826,147
2025010569836,16
2025010569837,2
2025010569838,2
2025010569846,88
2025010569858,34
2025010569862,14
2025010569886,73
2025010569891,1
2025010569902,1
2025010569904,89
2025010569914,1
2025010569930,36
2025010569932,1
2025010569933,14
2025010569935,6
2025010569937,3
2025010569947,3
2025010569953,17
2025010569955,77
2025010569958,7
2025010569972,16
2025010569973,24
2025010569974,22
2025010569979,18
2025010569981,53
2025010569998,1
2025010570005,43
2025010570006,2
2025010570024,19
2025010570029,68
2025010570043,1
2025010570045,3
2025010570057,21
2025010570062,5
2025010570065,42
2025010570066,11
2025010570068,1
2025010570077,6
2025010570086,7
2025010570088,114
2025010570095,9
2025010570099,2
2025010570104,11
2025010570105,3
2025010570111,16
2025010570112,1
2025010570115,1
2025010570116,1
2025010570121,35
2025010570122,7
2025010570142,56
2025010570146,116
2025010570151,1
2025010570153,29
2025010570159,15
2025010570197,27
2025010570198,3
2025010570202,86
2025010570217,4
2025010570224,31
2025010570240,11
2025010570243,106
2025010570250,1
2025010570260,9
2025010570278,7
2025010570279,9
2025010570287,6
2025010570303,1
2025010570305,33
2025010570307,8
2025010570308,1
2025010570310,2
2025010570311,1
2025010570313,6
2025010570318,4
2025010570323,172
2025010570327,1
2025010570330,16
2025010570337,6
2025010570339,73
2025010570340,415
2025010570350,1
2025010570351,204
2025010570358,92
2025010570361,1
2025010570364,5
2025010570367,2
2025010570375,29
2025010570378,8
2025010570384,8
2025010570387,91
2025010570396,1
2025010570397,13
2025010570399,1
2025010570401,39
2025010570404,1
2025010570406,2
2025010570410,53
2025010570426,17
2025010570440,9
2025010570446,14
2025010570455,1
2025010570456,6
2025010570463,54
2025010570465,3
2025010570467,31
2025010570468,25
2025010570470,24
2025010570493,1
2025010570498,15
2025010570499,1
2025010570507,2
2025010570539,7
2025010570540,56
2025010570568,3
2025010570589,1
2025010570592,8
2025010570593,35
2025010570595,1
2025010570600,34
2025010570602,7
2025010570622,7
2025010570625,90
2025010570632,25
2025010570634,46
2025010570635,14
2025010570636,6
2025010570637,4
2025010570642,16
2025010570646,10
2025010570649,35
2025010570661,19
2025010570669,35
2025010570681,1
2025010570688,59
2025010570700,9
2025010570701,40
2025010570703,8
2025010570711,18
2025010570715,1
2025010570720,72
2025010570722,3
2025010570742,25
2025010570752,4
2025010570761,1
2025010570770,19
2025010570771,2
2025010570780,1
2025010570781,64
2025010570782,65
2025010570789,1
2025010570790,1
2025010570792,2
2025010570801,34
2025010570802,78
2025010570806,3
2025010570814,14
2025010570822,24
2025010570827,7
2025010570829,3
2025010570844,58
2025010570845,1
2025010570853,84
2025010570854,460
2025010570857,1
2025010570858,3
2025010570863,16
2025010570867,4
2025010570869,21
2025010570885,1
2025010570886,137
2025010570897,43
2025010570898,52
2025010570913,48
2025010570916,53
2025010570917,87
2025010570921,13
2025010570928,15
2025010570957,1
2025010570976,67
2025010570984,7
2025010571000,1
2025010571004,22
2025010571007,6
2025010571035,145
2025010571040,56
2025010571051,61
2025010571054,13
2025010571060,40
2025010571066,14
2025010571068,11
2025010571075,1
2025010571081,9
2025010571100,1
2025010571104,2
2025010571127,47
2025010571130,30
2025010571137,11
2025010571153,13
2025010571160,34
2025010571162,1
2025010571172,1
2025010571174,145
2025010571178,49
2025010571179,33
2025010571180,1
2025010571187,9
2025010571192,105
2025010571198,21
2025010571202,1
2025010571206,2
2025010571211,4
2025010571215,53
2025010571219,11
2025010571230,27
2025010571248,53
2025010571251,13
2025010571255,15
2025010571260,1
2025010571262,51
2025010571270,1
2025010571275,70
2025010571276,49
2025010571285,10
2025010571295,4
2025010571296,1
2025010571298,200
2025010571299,1
2025010571302,292
2025010571303,42
2025010571304,17
2025010571307,1
2025010571308,24
2025010571320,1
2025010571323,1
2025010571326,1
2025010571332,14
2025010571334,17
2025010571347,22
2025010571355,88
2025010571358,21
2025010571386,1
2025010571388,2
2025010571390,3
2025010571392,2
2025010571401,1
2025010571405,5
2025010571407,7
2025010571408,19
2025010571412,12
2025010571418,1
2025010571425,12
2025010571426,70
2025010571436,3
2025010571444,63
2025010571445,1
2025010571459,20
2025010571472,68
2025010571478,79
2025010571482,43
2025010571484,1
2025010571488,72
2025010571496,2
2025010571502,43
2025010571506,21
2025010571519,11
2025010571528,1
2025010571529,1
2025010571544,4
2025010571546,17
2025010571559,80
2025010571560,21
2025010571562,1
2025010571567,25
2025010571570,58
2025010571575,268
2025010571577,6
2025010571579,82
2025010571582,116
2025010571585,10
2025010571592,23
2025010571600,6
2025010571604,47
2025010571613,37
2025010571619,22
2025010571624,22
2025010571633,12
2025010571640,20
2025010571643,1
2025010571645,4
2025010571662,7
2025010571663,5
2025010571670,21
2025010571676,23
2025010571692,27
2025010571695,2
2025010571700,7
2025010571710,153
2025010571711,46
2025010571713,36
2025010571715,19
2025010571717,2
2025010571720,2
2025010571726,51
2025010571727,11
2025010571733,103
2025010571734,4
2025010571744,28
2025010571758,9
2025010571779,2
2025010571783,3
2025010571788,27
2025010571791,5
2025010571806,5
2025010571810,27
2025010571814,1
2025010571816,40
2025010571817,28
2025010571822,1
2025010571825,1
2025010571833,1
2025010571836,18
2025010571845,80
2025010571848,101
2025010571850,23
2025010571858,8
2025010571863,39
2025010571864,5
2025010571877,21
2025010571879,19
2025010571893,8
2025010571905,65
2025010571907,28
2025010571914,10
2025010571915,15
2025010571919,5
2025010571930,39
2025010571931,43
2025010571933,41
2025010571934,104
2025010571936,1
2025010571944,107
2025010571949,1
2025010571969,1
2025010571970,16
2025010571983,1
2025010571994,9
2025010572016,9
2025010572031,99
2025010572041,16
2025010572042,1
2025010572057,135
2025010572061,8
2025010572063,23
2025010572067,93
2025010572077,1
2025010572078,78
2025010572098,2
2025010572105,11
2025010572114,107
2025010572115,266
2025010572116,44
2025010572121,1
2025010572124,24
2025010572127,9
2025010572134,44
2025010572136,31
2025010572137,26
2025010572140,1
2025010572153,1
2025010572154,36
2025010572158,1
2025010572160,1
2025010572161,1
2025010572172,1
2025010572179,1
2025010572182,4
2025010572183,42
2025010572185,76
2025010572186,1
2025010572192,110
2025010572202,57
2025010572205,12
2025010572212,121
2025010572217,5
2025010572220,59
2025010572222,1
2025010572226,6
2025010572230,3
2025010572232,33
2025010572238,51
2025010572242,35
2025010572258,8
2025010572267,51
2025010572270,109
2025010572272,2
2025010572276,2
2025010572277,2
2025010572281,1
2025010572291,2
2025010572295,1
2025010572301,70
2025010572307,96
2025010572311,9
2025010572315,5
2025010572316,14
2025010572317,66
2025010572334,1
2025010572342,9
2025010572345,7
2025010572347,4
2025010572351,8
2025010572357,393
2025010572358,9
2025010572359,11
2025010572360,34
2025010572365,9
2025010572371,83
2025010572378,28
2025010572380,26
2025010572387,5
2025010572394,16
2025010572397,2
2025010572399,16
2025010572401,14
2025010572408,14
2025010572409,3
2025010572413,4
2025010572414,2
2025010572418,4
2025010572433,3
2025010572442,1
2025010572446,20
2025010572465,10
2025010572470,2
2025010572471,37
2025010572475,1
2025010572476,5
2025010572487,1
2025010572490,12
2025010572491,6
2025010572492,44
2025010572518,72
2025010572525,11
2025010572529,9
2025010572530,9
2025010572532,95
2025010572533,10
2025010572542,13
2025010572550,8
2025010572551,29
2025010572553,89
2025010572554,3
2025010572555,4
2025010572559,12
2025010572560,45
2025010572567,2
2025010572571,247
2025010572572,13
2025010572573,30
2025010572575,14
2025010572580,7
2025010572581,1
2025010572593,25
2025010572594,130
2025010572598,17
2025010572603,20
2025010572604,28
2025010572605,13
2025010572609,22
2025010572611,9
2025010572621,47
2025010572627,1
2025010572632,13
2025010572637,23
2025010572641,66
2025010572648,35
2025010572650,35
2025010572655,29
2025010572658,64
2025010572660,1
2025010572663,4
2025010572666,12
2025010572675,103
2025010572680,20
2025010572686,95
2025010572687,73
2025010572712,32
2025010572722,1
2025010572732,1
2025010572735,12
2025010572737,83
2025010572739,2
2025010572743,2
2025010572754,1
2025010572768,1
2025010572774,53
2025010572776,121
2025010572779,36
2025010572796,4
2025010572799,8
2025010572810,12
2025010572815,27
2025010572825,3
2025010572826,15
2025010572827,17
2025010572831,32
2025010572854,42
2025010572857,25
2025010572858,7
2025010572863,38
2025010572880,5
2025010572883,87
2025010572890,34
2025010572899,57
2025010572906,59
2025010572907,5
2025010572909,19
2025010572912,36
2025010572914,1
2025010572917,1
2025010572918,23
2025010572919,109
2025010572920,3
2025010572927,24
2025010572928,24
2025010572934,5
2025010572937,15
2025010572939,6
2025010572948,9
2025010572951,1
2025010572958,43
2025010572967,9
2025010572968,25
2025010572970,1
2025010572973,1
2025010572975,163
2025010572980,17
2025010572987,15
2025010572994,1
2025010572998,13
2025010573000,110
2025010573009,64
2025010573010,33
2025010573015,1
2025010573026,28
2025010573034,53
2025010573053,23
2025010573064,7
2025010573076,33
2025010573077,46
2025010573093,47
2025010573099,1
2025010573108,5
2025010573110,17
2025010573111,8
2025010573124,1
2025010573133,8
2025010573138,39
2025010573140,8
2025010573153,5
2025010573154,86
2025010573160,1
2025010573174,7
2025010573184,112
2025010573197,4
2025010573204,2
2025010573206,3
2025010573209,16
2025010573220,1
2025010573231,7
2025010573233,4
2025010573235,473
2025010573242,28
2025010573250,4
2025010573260,76
2025010573265,27
2025010573271,2
2025010573272,53
2025010573281,10
2025010573287,5
2025010573310,3
2025010573313,4
2025010573315,54
2025010573318,1
2025010573324,12
2025010573332,6
2025010573360,10
2025010573374,14
2025010573375,2
2025010573388,40
2025010573391,44
2025010573400,54
2025010573417,5
2025010573427,178
2025010573435,1
2025010573437,68
2025010573445,113
2025010573449,14
2025010573450,1
2025010573474,1
2025010573490,25
2025010573492,424
2025010573499,32
2025010573501,1
2025010573511,2
2025010573514,5
2025010573515,7
2025010573531,1
2025010573536,100
2025010573545,1
2025010573549,26
2025010573554,6
2025010573560,25
2025010573561,1
2025010573578,20
2025010573584,40
2025010573594,19
2025010573605,1
2025010573607,130
2025010573614,33
2025010573621,41
2025010573624,5
2025010573626,50
2025010573632,1
2025010573633,86
2025010573635,42
2025010573638,3
2025010573643,26
2025010573655,102
2025010573658,18
2025010573662,36
2025010573663,30
2025010573664,28
2025010573666,4
2025010573669,29
2025010573676,78
2025010573678,10
2025010573683,2
2025010573704,37
2025010573715,78
2025010573716,65
2025010573720,3
2025010573726,2
2025010573727,34
2025010573728,71
2025010573733,1
2025010573739,25
2025010573743,116
2025010573750,14
2025010573751,1
2025010573761,1
2025010573762,42
2025010573775,2
2025010573778,1
2025010573784,82
2025010573786,5
2025010573788,69
2025010573794,76
2025010573798,1
2025010573800,1
2025010573805,36
2025010573814,5
2025010573816,1
2025010573817,4
2025010573819,29
2025010573820,7
2025010573821,1
2025010573822,15
2025010573833,11
2025010573835,1
2025010573836,1
2025010573842,4
2025010573881,125
2025010573886,5
2025010573890,7
2025010573896,21
2025010573899,155
2025010573905,22
2025010573907,1
2025010573909,44
2025010573915,18
2025010573922,10
2025010573929,1
2025010573942,80
2025010573950,9
2025010573951,50
2025010573953,67
2025010573960,11
2025010573962,32
2025010573965,14
2025010573966,2
2025010573973,1
2025010573974,36
2025010573976,1
2025010573979,40
2025010573980,36
2025010573981,5
2025010573982,3
2025010573985,4
2025010573987,1
2025010573991,3
2025010573993,1
2025010573994,89
2025010573995,5
2025010573996,12
2025010573999,8
2025010574006,1
2025010574007,23
2025010574013,13
2025010574017,12
2025010574019,21
2025010574022,17
2025010574026,15
2025010574028,22
2025010574031,22
2025010574036,5
2025010574039,51
2025010574043,1
2025010574053,2
2025010574062,9
2025010574075,13
2025010574076,17
2025010574077,117
2025010574089,18
2025010574090,91
2025010574092,1
2025010574098,60
2025010574102,2
2025010574106,33
2025010574109,54
2025010574113,8
2025010574117,388
2025010574126,1
2025010574135,1
2025010574136,78
2025010574140,4
2025010574151,7
2025010574154,6
2025010574155,18
2025010574161,8
2025010574165,137
2025010574171,1
2025010574172,20
2025010574173,29
2025010574175,2
2025010574176,46
2025010574177,15
2025010574184,13
2025010574187,65
2025010574189,15
2025010574191,54
2025010574195,9
2025010574208,8
2025010574219,8
2025010574221,10
2025010574230,11
2025010574232,22
2025010574235,51
2025010574250,2
2025010574253,1
2025010574271,12
2025010574272,2
2025010574278,1
2025010574283,61
2025010574302,2
2025010574303,1
2025010574304,1
2025010574308,60
2025010574314,23
2025010574315,1
2025010574322,3
2025010574327,1
2025010574328,22
2025010574338,27
2025010574343,37
2025010574345,8
2025010574353,30
2025010574360,3
2025010574364,22
2025010574369,47
2025010574372,79
2025010574373,19
2025010574375,23
2025010574378,54
2025010574382,1
2025010574407,57
2025010574408,32
2025010574410,8
2025010574418,3
2025010574421,2
2025010574431,2
2025010574432,1
2025010574436,16
2025010574438,25
2025010574445,53
2025010574446,20
2025010574447,15
2025010574448,9
2025010574453,79
2025010574456,55
2025010574462,38
2025010574463,101
2025010574464,22
2025010574467,4
2025010574473,15
2025010574474,2
2025010574476,1
2025010574496,9
2025010574499,28
2025010574500,4
2025010574506,3
2025010574508,14
2025010574513,1
2025010574514,16
2025010574519,2
2025010574521,34
2025010574529,1
2025010574540,10
2025010574543,35
2025010574544,52
2025010574546,13
2025010574554,2
2025010574559,15
2025010574562,51
2025010574567,8
2025010574577,9
2025010574580,15
2025010574583,20
2025010574585,1
2025010574586,2
2025010574595,1
2025010574597,146
2025010574613,85
2025010574622,13
2025010574625,9
2025010574653,2
2025010574657,118
2025010574658,25
2025010574659,27
2025010574663,28
2025010574669,24
2025010574670,3
2025010574684,147
2025010574687,96
2025010574709,2
2025010574714,19
2025010574715,22
2025010574722,1
2025010574723,100
2025010574728,6
2025010574729,27
2025010574730,7
2025010574735,1
2025010574737,1
2025010574740,15
2025010574741,23
2025010574747,6
2025010574748,14
2025010574749,17
2025010574753,1
2025010574760,21
2025010574764,1
2025010574766,5
2025010574775,7
2025010574787,18
2025010574801,1
2025010574802,5
2025010574804,10
2025010574806,64
2025010574808,84
2025010574810,11
2025010574817,41
2025010574822,1
2025010574851,36
2025010574855,13
2025010574861,126
2025010574866,20
2025010574878,1
2025010574879,33
2025010574880,19
2025010574887,47
2025010574899,31
2025010574904,1
2025010574906,17
2025010574911,25
2025010574912,41
2025010574915,34
2025010574916,3
2025010574920,52
2025010574937,12
2025010574938,1
2025010574950,21
2025010574954,1
2025010574957,12
2025010574958,1
2025010574964,17
2025010574968,73
2025010574969,1
2025010574988,82
2025010574992,2
2025010575000,4
2025010575004,87
2025010575006,21
2025010575007,2
2025010575019,135
2025010575022,15
2025010575027,14
2025010575031,13
2025010575038,9
2025010575039,16
2025010575040,1
2025010575047,47
2025010575060,4
2025010575062,2
2025010575077,1
2025010575081,1
2025010575084,7
2025010575091,11
2025010575096,1
2025010575099,2
2025010575105,2
2025010575118,12
2025010575123,2
2025010575124,1
2025010575139,6
2025010575140,6
2025010575158,5
2025010575172,3
2025010575177,25
2025010575179,136
2025010575180,31
2025010575183,4
2025010575185,13
2025010575189,34
2025010575190,14
2025010575197,1
2025010575201,70
2025010575204,8
2025010575205,4
2025010575207,3
2025010575208,1
2025010575215,37
2025010575224,43
2025010575234,22
2025010575235,8
2025010575240,56
2025010575241,30
2025010575242,1
2025010575266,3
2025010575273,65
2025010575275,49
2025010575278,2
2025010575285,4
2025010575290,10
2025010575293,7
2025010575294,4
2025010575309,5
2025010575310,65
2025010575312,4
2025010575316,8
2025010575318,15
2025010575319,1
2025010575325,51
2025010575332,29
2025010575335,13
2025010575336,56
2025010575342,1
2025010575346,9
2025010575348,24
2025010575357,31
2025010575362,1
2025010575365,1
2025010575367,35
2025010575369,40
2025010575374,29
2025010575375,41
2025010575386,64
2025010575399,1
2025010575403,42
2025010575425,4
2025010575448,4
2025010575449,10
2025010575450,1
2025010575451,1
2025010575459,12
2025010575460,4
2025010575464,23
2025010575472,1
2025010575479,41
2025010575480,12
2025010575483,18
2025010575488,4
2025010575489,15
2025010575491,2
2025010575496,1
2025010575505,131
2025010575519,128
2025010575521,9
2025010575525,76
2025010575537,3
2025010575546,1
2025010575548,17
2025010575554,24
2025010575562,39
2025010575568,21
2025010575581,9
2025010575607,6
2025010575640,13
2025010575648,8
2025010575649,1
2025010575654,5
2025010575661,47
2025010575667,2
2025010575670,12
2025010575677,7
2025010575685,39
2025010575688,5
2025010575695,3
2025010575697,4
2025010575698,34
2025010575708,109
2025010575725,64
2025010575726,10
2025010575737,38
2025010575763,25
2025010575765,1
2025010575766,16
2025010575772,16
2025010575777,27
2025010575789,25
2025010575799,39
2025010575803,25
2025010575807,5
2025010575808,3
2025010575815,43
2025010575819,1
2025010575828,1
2025010575829,6
2025010575831,61
2025010575834,7
2025010575841,12
2025010575849,63
2025010575850,31
2025010575860,1
2025010575868,266
2025010575869,36
2025010575872,36
2025010575874,13
2025010575883,3
2025010575886,8
2025010575887,2
2025010575889,1
2025010575898,42
2025010575902,7
2025010575905,77
2025010575915,14
2025010575918,1
2025010575927,3
2025010575932,51
2025010575936,14
2025010575941,1
2025010575942,39
2025010575944,14
2025010575952,1
2025010575954,6
2025010575964,20
2025010575976,11
2025010575981,26
2025010575993,6
2025010576003,2
2025010576005,9
2025010576008,49
2025010576017,38
2025010576024,28
2025010576029,6
2025010576040,4
2025010576044,1
2025010576046,1
2025010576062,28
2025010576068,24
2025010576070,1
2025010576076,51
2025010576083,459
2025010576086,30
2025010576087,16
2025010576091,22
2025010576099,8
2025010576100,35
2025010576101,68
2025010576109,9
2025010576114,19
2025010576117,15
2025010576123,11
2025010576127,3
2025010576129,8
2025010576133,4
2025010576141,1
2025010576142,25
2025010576146,5
2025010576154,80
2025010576156,3
2025010576179,1
2025010576191,21
2025010576194,1
2025010576196,1
2025010576201,29
2025010576213,5
2025010576218,103
2025010576219,1
2025010576233,4
2025010576239,73
2025010576244,15
2025010576248,19
2025010576252,37
2025010576256,39
2025010576258,82
2025010576265,19
2025010576266,10
2025010576268,8
2025010576283,2
2025010576288,8
2025010576299,41
2025010576307,13
2025010576309,31
2025010576311,34
2025010576326,1
2025010576334,75
2025010576339,50
2025010576340,1
2025010576351,33
2025010576353,3
2025010576359,1
2025010576364,7
2025010576373,11
2025010576378,37
2025010576380,137
2025010576381,1
2025010576389,37
2025010576391,25
2025010576397,12
2025010576398,1
2025010576401,18
2025010576417,44
2025010576425,3
2025010576433,1
2025010576446,20
2025010576454,1
2025010576462,130
2025010576465,1
2025010576470,1
2025010576473,48
2025010576477,3
2025010576486,1
2025010576488,36
2025010576496,92
2025010576500,26
2025010576513,6
2025010576515,23
2025010576518,1
2025010576519,5
2025010576526,1
2025010576531,55
2025010576532,22
2025010576540,11
2025010576558,58
2025010576562,2
2025010576567,6
2025010576569,9
2025010576580,1
2025010576581,11
2025010576586,146
2025010576592,71
2025010576603,1
2025010576604,3
2025010576610,1
2025010576612,3
2025010576613,1
2025010576617,76
2025010576623,5
2025010576627,10
2025010576630,108
2025010576631,9
2025010576641,4
2025010576643,28
2025010576644,8
2025010576648,27
2025010576651,31
2025010576652,1
2025010576655,2
2025010576656,13
2025010576663,5
2025010576668,36
2025010576672,23
2025010576673,55
2025010576692,180
2025010576695,5
2025010576696,1
2025010576707,8
2025010576709,57
2025010576715,15
2025010576717,7
2025010576721,19
2025010576724,5
2025010576736,15
2025010576746,30
2025010576752,7
2025010576755,7
2025010576761,23
2025010576767,19
2025010576778,72
2025010576785,71
2025010576793,1
2025010576800,154
2025010576806,102
2025010576815,68
2025010576827,9
2025010576847,1
2025010576848,1
2025010576857,125
2025010576879,1
2025010576896,3
2025010576905,49
2025010576907,9
2025010576911,48
2025010576921,1
2025010576922,11
2025010576928,1
2025010576934,8
2025010576937,4
2025010576941,1
2025010576942,5
2025010576947,4
2025010576948,110
2025010576949,1
2025010576966,16
2025010576976,9
2025010576978,1
2025010576996,48
2025010576999,3
2025010577005,175
2025010577013,14
2025010577024,28
2025010577029,13
2025010577037,19
2025010577041,5
2025010577043,15
2025010577046,1
2025010577053,1
2025010577056,11
2025010577061,19
2025010577062,47
2025010577063,93
2025010577067,1
2025010577078,41
2025010577108,9
2025010577124,35
2025010577131,42
2025010577136,1
2025010577137,2
2025010577154,13
2025010577168,33
2025010577179,1
2025010577185,34
2025010577197,1
2025010577200,3
2025010577201,64
2025010577203,20
2025010577211,4
2025010577217,39
2025010577218,99
2025010577219,6
2025010577233,1
2025010577251,2
2025010577255,41
2025010577259,1
2025010577264,1
2025010577267,60
2025010577270,27
2025010577276,1
2025010577280,5
2025010577283,125
2025010577300,120
2025010577306,1
2025010577319,30
2025010577327,45
2025010577334,25
2025010577338,15
2025010577339,16
2025010577341,4
2025010577344,10
2025010577348,27
2025010577360,56
2025010577378,57
2025010577387,37
2025010577393,80
2025010577404,2
2025010577409,2
2025010577414,239
2025010577415,25
2025010577419,6
2025010577431,1
2025010577433,5
2025010577436,20
2025010577447,17
2025010577451,3
2025010577458,1
2025010577462,31
2025010577475,21
2025010577478,32
2025010577483,43
2025010577485,4
2025010577501,15
2025010577504,66
2025010577511,3
2025010577524,7
2025010577525,34
2025010577537,14
2025010577540,7
2025010577544,1
2025010577597,53
2025010577601,4
2025010577604,60
2025010577610,2
2025010577612,2
2025010577618,11
2025010577636,127
2025010577638,83
2025010577639,23
2025010577644,1
2025010577647,24
2025010577657,70
2025010577663,1
2025010577676,40
2025010577694,17
2025010577695,11
2025010577700,9
2025010577703,75
2025010577713,13
2025010577716,22
2025010577717,24
2025010577721,17
2025010577728,7
2025010577731,40
2025010577736,67
2025010577739,1
2025010577745,5
2025010577754,8
2025010577758,16
2025010577761,6
2025010577764,51
2025010577790,1
2025010577794,59
2025010577798,1
2025010577802,1
2025010577814,3
2025010577829,1
2025010577830,7
2025010577838,37
2025010577839,90
2025010577850,1
2025010577858,1
2025010577859,11
2025010577867,84
2025010577869,8
2025010577874,1
2025010577876,8
2025010577899,22
2025010577904,12
2025010577907,2
2025010577917,111
2025010577919,23
2025010577921,63
2025010577922,10
2025010577937,4
2025010577941,19
2025010577949,118
2025010577952,8
2025010577953,2
2025010577963,1
2025010577970,8
2025010577972,1
2025010577993,2
2025010577997,121
2025010577999,1
2025010578000,1
2025010578005,2
2025010578006,6
2025010578009,33
2025010578010,9
2025010578016,9
2025010578017,4
2025010578018,14
2025010578019,29
2025010578021,30
2025010578034,15
2025010578048,9
2025010578061,6
2025010578070,53
2025010578074,1
2025010578076,83
2025010578078,75
2025010578080,70
2025010578094,1
2025010578097,10
2025010578100,15
2025010578105,1
2025010578120,58
2025010578126,39
2025010578133,456
2025010578138,36
2025010578142,14
2025010578144,14
2025010578160,10
2025010578170,27
2025010578171,1
2025010578179,2
2025010578180,19
2025010578183,1
2025010578186,6
2025010578190,4
2025010578204,5
2025010578222,1
2025010578228,17
2025010578240,59
2025010578243,25
2025010578244,3
2025010578259,96
2025010578260,22
2025010578261,6
2025010578273,2
2025010578283,29
2025010578284,22
2025010578293,22
2025010578295,41
2025010578298,1
2025010578314,3
2025010578320,34
2025010578339,34
2025010578341,4
2025010578344,5
2025010578345,19
2025010578361,13
2025010578364,1
2025010578377,15
2025010578382,2
2025010578384,34
2025010578394,226
2025010578396,20
2025010578397,95
2025010578434,26
2025010578437,3
2025010578445,36
2025010578446,19
2025010578459,11
2025010578469,67
2025010578474,1
2025010578497,1
2025010578504,3
2025010578509,20
2025010578536,10
2025010578547,27
2025010578558,3
2025010578563,18
2025010578572,1
2025010578578,3
2025010578583,22
2025010578591,30
2025010578601,43
2025010578604,1
2025010578605,10
2025010578617,64
2025010578619,131
2025010578621,12
2025010578636,2
2025010578645,20
2025010578653,5
2025010578664,20
2025010578669,3
2025010578671,6
2025010578673,12
2025010578681,2
2025010578682,1
2025010578684,3
2025010578692,1
2025010578697,1
2025010578704,3
2025010578706,1
2025010578709,67
2025010578717,14
2025010578739,14
2025010578743,25
2025010578747,55
2025010578766,8
2025010578769,20
2025010578774,49
2025010578776,65
2025010578785,38
2025010578787,7
2025010578788,46
2025010578804,48
2025010578806,2
2025010578808,6
2025010578824,5
2025010578827,103
2025010578830,36
2025010578836,10
2025010578837,1
2025010578838,61
2025010578847,21
2025010578856,15
2025010578858,13
2025010578871,1
2025010578872,8
2025010578882,3
2025010578883,14
2025010578887,2
2025010578908,39
2025010578918,2
2025010578920,58
2025010578922,6
2025010578940,5
2025010578941,11
2025010578943,1
2025010578945,23
2025010578947,25
2025010578953,35
2025010578958,77
2025010578962,8
2025010578975,37
2025010578980,5
2025010578989,18
2025010579005,44
2025010579012,16
2025010579014,8
2025010579028,125
2025010579029,3
2025010579038,1
2025010579045,5
2025010579057,115
2025010579060,7
2025010579063,21
2025010579093,1
2025010579098,69
2025010579102,1
2025010579115,6
2025010579120,29
2025010579121,1
2025010579122,5
2025010579124,21
2025010579129,37
2025010579130,7
2025010579140,112
2025010579159,1
2025010579162,25
2025010579174,52
2025010579177,3
2025010579197,24
2025010579200,101
2025010579203,5
2025010579208,79
2025010579212,6
2025010579237,54
2025010579243,30
2025010579245,6
2025010579246,5
2025010579270,9
2025010579291,19
2025010579295,37
2025010579309,35
2025010579335,35
2025010579339,1
2025010579341,12
2025010579347,11
2025010579348,1
2025010579350,72
2025010579354,1
2025010579356,26
2025010579367,3
2025010579374,1
2025010579399,47
2025010579427,28
2025010579437,2
2025010579439,26
2025010579443,2
2025010579453,6
2025010579456,8
2025010579459,17
2025010579470,15
2025010579477,24
2025010579492,1
2025010579498,52
2025010579514,6
2025010579517,2
2025010579522,1
2025010579534,39
2025010579537,54
2025010579547,124
2025010579553,16
2025010579557,48
2025010579570,34
2025010579597,20
2025010579599,9
2025010579610,420
2025010579612,2
2025010579614,50
2025010579618,1
2025010579619,7
2025010579621,17
2025010579624,121
2025010579625,1
2025010579630,1
2025010579636,15
2025010579638,93
2025010579643,1
2025010579651,3
2025010579653,101
2025010579654,6
2025010579656,8
2025010579666,35
2025010579667,4
2025010579671,41
2025010579701,4
2025010579706,1
2025010579714,9
2025010579720,90
2025010579739,1
2025010579741,34
2025010579748,24
2025010579751,14
2025010579753,1
2025010579755,44
2025010579756,13
2025010579773,13
2025010579781,22
2025010579782,170
2025010579803,10
2025010579806,1
2025010579807,2
2025010579809,254
2025010579810,24
2025010579815,12
2025010579817,18
2025010579828,15
2025010579831,85
2025010579833,5
2025010579834,421
2025010579835,2
2025010579839,21
2025010579840,13
2025010579844,30
2025010579861,39
2025010579864,50
2025010579881,47
2025010579904,13
2025010579908,17
2025010579909,1
2025010579910,30
2025010579912,35
2025010579915,1
2025010579916,1
2025010579921,59
2025010579933,6
2025010579936,31
2025010579940,1
2025010579944,9
2025010579948,1
2025010579975,18
2025010579980,24
2025010579983,58
2025010579984,2
2025010579997,2
2025010580005,30
2025010580007,17
2025010580010,3
2025010580017,7
2025010580019,410
2025010580028,136
2025010580029,35
2025010580035,11
2025010580037,7
2025010580039,1
2025010580042,53
2025010580046,14
2025010580051,12
2025010580060,6
2025010580067,34
2025010580076,67
2025010580079,9
2025010580089,35
2025010580098,2
2025010580104,3
2025010580107,15
2025010580115,1
2025010580117,1
2025010580121,2
2025010580126,70
2025010580137,7
2025010580144,7
2025010580145,7
2025010580146,36
2025010580154,1
2025010580160,21
2025010580167,12
2025010580168,7
2025010580169,127
2025010580170,2
2025010580177,15
2025010580182,1
2025010580188,12
2025010580195,122
2025010580204,95
2025010580229,6
2025010580231,15
2025010580236,2
2025010580242,246
2025010580250,126
2025010580262,18
2025010580279,11
2025010580281,24
2025010580283,25
2025010580284,4
2025010580285,38
2025010580286,1
2025010580287,1
2025010580288,1
2025010580299,3
2025010580303,40
2025010580317,20
2025010580320,79
2025010580322,2
2025010580328,63
2025010580329,2
2025010580331,17
2025010580344,25
2025010580345,4
2025010580352,2
2025010580359,1
2025010580367,12
2025010580368,8
2025010580369,2
2025010580374,2
2025010580380,14
2025010580389,12
2025010580402,29
2025010580405,74
2025010580429,30
2025010580433,52
2025010580434,38
2025010580438,26
2025010580439,11
2025010580453,18
2025010580456,152
2025010580460,20
2025010580467,56
2025010580473,154
2025010580487,1
2025010580495,13
2025010580504,41
2025010580508,102
2025010580514,12
2025010580517,73
2025010580526,1
2025010580536,28
2025010580539,68
2025010580542,22
2025010580547,20
2025010580563,56
2025010580564,1
2025010580567,24
2025010580578,3
2025010580605,60
2025010580606,17
2025010580610,24
2025010580615,5
2025010580618,6
2025010580642,43
2025010580652,1
2025010580657,15
2025010580667,68
2025010580673,37
2025010580676,4
2025010580680,3
2025010580694,6
2025010580712,2
2025010580725,5
2025010580747,1
2025010580756,67
2025010580767,256
2025010580771,14
2025010580778,100
2025010580781,1
2025010580799,3
2025010580808,71
2025010580810,43
2025010580811,4
2025010580814,1
2025010580817,4
2025010580819,8
2025010580831,4
2025010580832,8
2025010580855,2
2025010580859,36
2025010580889,2
2025010580890,21
2025010580892,6
2025010580902,70
2025010580903,31
2025010580906,1
2025010580911,111
2025010580921,21
2025010580925,1
2025010580927,1
2025010580934,1
2025010580936,17
2025010580942,6
2025010580944,78
2025010580947,24
2025010580954,3
2025010580957,17
2025010580961,1
2025010580962,67
2025010580966,7
2025010580968,26
2025010580972,19
2025010580979,1
2025010580984,94
2025010580992,19
2025010580994,1
2025010580998,36
2025010581006,7
2025010581011,26
2025010581015,15
2025010581026,10
2025010581040,54
2025010581046,19
2025010581049,14
2025010581057,5
2025010581068,7
2025010581073,16
2025010581074,1
2025010581077,5
2025010581083,1
2025010581086,7
2025010581100,1
2025010581104,22
2025010581110,20
2025010581131,53
2025010581145,19
2025010581151,27
2025010581154,28
2025010581155,47
2025010581165,13
2025010581176,1
2025010581184,1
2025010581185,68
2025010581201,29
2025010581209,24
2025010581215,2
2025010581218,16
2025010581228,64
2025010581233,1
2025010581238,6
2025010581242,4
2025010581244,11
2025010581249,1
2025010581258,35
2025010581259,5
2025010581264,75
2025010581265,3
2025010581278,8
2025010581279,2
2025010581284,24
2025010581285,1
2025010581306,13
2025010581310,26
2025010581315,1
2025010581320,6
2025010581322,3
2025010581323,2
2025010581328,1
2025010581330,95
2025010581331,1
2025010581342,1
2025010581352,2
2025010581364,6
2025010581369,105
2025010581379,36
2025010581382,1
2025010581388,1
2025010581389,7
2025010581390,138
2025010581396,11
2025010581406,48
2025010581417,109
2025010581418,30
2025010581439,1
2025010581441,145
2025010581443,10
2025010581445,5
2025010581447,1
2025010581449,12
2025010581458,4
2025010581470,6
2025010581484,1
2025010581485,58
2025010581492,36
2025010581493,67
2025010581496,1
2025010581504,131
2025010581507,4
2025010581512,8
2025010581529,5
2025010581534,26
2025010581535,67
2025010581537,1
2025010581541,48
2025010581556,52
2025010581558,9
2025010581561,81
2025010581565,11
2025010581569,1
2025010581573,290
2025010581582,56
2025010581588,33
2025010581604,108
2025010581612,9
2025010581614,1
2025010581616,1
2025010581631,1
2025010581632,6
2025010581641,14
2025010581642,5
2025010581644,23
2025010581645,1
2025010581648,2
2025010581652,4
2025010581657,30
2025010581661,24
2025010581667,19
2025010581673,2
2025010581695,1
2025010581698,26
2025010581699,7
2025010581702,1
2025010581714,2
2025010581719,33
2025010581723,1
2025010581724,10
2025010581725,2
2025010581731,32
2025010581746,1
2025010581755,7
2025010581762,31
2025010581763,74
2025010581764,1
2025010581770,17
2025010581771,3
2025010581778,35
2025010581781,62
2025010581787,8
2025010581804,1
2025010581807,11
2025010581808,3
2025010581820,40
2025010581827,1
2025010581832,34
2025010581833,6
2025010581839,1
2025010581841,2
2025010581845,1
2025010581851,20
2025010581858,1
2025010581878,10
2025010581880,113
2025010581883,29
2025010581885,2
2025010581887,32
2025010581890,100
2025010581892,268
2025010581900,127
2025010581918,1
2025010581923,117
2025010581925,59
2025010581927,36
2025010581931,4
2025010581942,49
2025010581948,9
2025010581959,18
2025010581961,18
2025010581966,1
2025010581968,1
2025010581971,60
2025010581972,2
2025010581974,14
2025010581978,8
2025010581984,89
2025010581985,14
2025010581996,87
2025010582001,50
2025010582003,2
2025010582008,18
2025010582012,111
2025010582017,11
2025010582032,7
2025010582034,17
2025010582036,1
2025010582038,2
2025010582070,50
2025010582073,20
2025010582078,6
2025010582079,6
2025010582084,14
2025010582090,16
2025010582094,5
2025010582115,15
2025010582117,30
2025010582123,20
2025010582127,1
2025010582129,15
2025010582130,7
2025010582137,13
2025010582142,26
2025010582162,1
2025010582166,66
2025010582170,44
2025010582193,12
2025010582199,2
2025010582231,4
2025010582247,45
2025010582249,466
2025010582254,8
2025010582258,16
2025010582263,14
2025010582267,1
2025010582275,4
2025010582286,23
2025010582291,4
2025010582292,7
2025010582294,6
2025010582298,21
2025010582308,9
2025010582310,9
2025010582311,3
2025010582323,2
2025010582325,7
2025010582346,33
2025010582347,89
2025010582375,7
2025010582379,17
2025010582391,17
2025010582392,2
2025010582393,15
2025010582398,5
2025010582400,3
2025010582405,1
2025010582414,1
2025010582423,9
2025010582424,80
2025010582428,45
2025010582440,34
2025010582446,54
2025010582456,14
2025010582462,1
2025010582464,16
2025010582470,31
2025010582471,1
2025010582473,5
2025010582478,37
2025010582480,5
2025010582486,10
2025010582487,3
2025010582488,1
2025010582493,13
2025010582504,15
2025010582510,11
2025010582514,13
2025010582520,23
2025010582524,7
2025010582531,45
2025010582540,1
2025010582555,2
2025010582571,36
2025010582574,1
2025010582579,55
2025010582581,32
2025010582584,24
2025010582598,6
2025010582608,7
2025010582610,1
2025010582612,50
2025010582613,12
2025010582617,15
2025010582622,11
2025010582630,1
2025010582632,1
2025010582640,5
2025010582645,11
2025010582667,5
2025010582670,6
2025010582673,7
2025010582674,25
2025010582675,8
2025010582682,18
2025010582696,1
2025010582697,83
2025010582698,5
2025010582705,4
2025010582707,1
2025010582709,1
2025010582710,1
2025010582719,15
2025010582720,33
2025010582724,57
2025010582737,96
2025010582738,23
2025010582743,35
2025010582746,90
2025010582752,10
2025010582754,2
2025010582756,43
2025010582760,1
2025010582763,10
2025010582765,5
2025010582769,425
2025010582786,47
2025010582794,1
2025010582796,15
2025010582800,36
2025010582815,315
2025010582817,1
2025010582827,4
2025010582831,53
2025010582849,10
2025010582858,1
2025010582864,19
2025010582869,2
2025010582870,14
2025010582873,3
2025010582887,1
2025010582896,18
2025010582899,15
2025010582901,1
2025010582910,3
2025010582911,47
2025010582937,40
2025010582943,12
2025010582948,2
2025010582952,43
2025010582955,40
2025010582957,3
2025010582959,4
2025010582960,54
2025010582968,3
2025010582973,1
2025010582981,14
2025010582982,18
2025010582994,8
2025010583004,216
2025010583008,29
2025010583012,2
2025010583013,42
2025010583017,36
2025010583022,7
2025010583027,79
2025010583029,42
2025010583034,1
2025010583036,26
2025010583040,37
2025010583049,7
2025010583050,1
2025010583053,5
2025010583055,55
2025010583072,66
2025010583073,32
2025010583080,15
2025010583087,12
2025010583095,11
2025010583096,1
2025010583113,36
2025010583126,95
2025010583129,37
2025010583139,1
2025010583145,7
2025010583153,37
2025010583156,8
2025010583158,1
2025010583160,9
2025010583166,38
2025010583169,109
2025010583174,17
2025010583180,2
2025010583181,1
2025010583194,2
2025010583200,44
2025010583213,1
2025010583214,29
2025010583219,8
2025010583229,6
2025010583230,109
2025010583231,1
2025010583232,4
2025010583235,48
2025010583237,1
2025010583242,61
2025010583244,3
2025010583253,3
2025010583257,1
2025010583260,69
2025010583262,15
2025010583264,12
2025010583266,65
2025010583270,69
2025010583272,4
2025010583282,1
2025010583288,1
2025010583295,37
2025010583302,21
2025010583303,15
2025010583305,7
2025010583306,22
2025010583307,37
2025010583308,9
2025010583344,24
2025010583349,12
2025010583354,23
2025010583356,13
2025010583370,4
2025010583373,79
2025010583381,33
2025010583394,76
2025010583406,14
2025010583419,38
2025010583420,1
2025010583426,8
2025010583429,57
2025010583432,1
2025010583436,47
2025010583438,1
2025010583440,1
2025010583442,21
2025010583443,43
2025010583447,3
2025010583448,3
2025010583449,11
2025010583457,64
2025010583464,16
2025010583470,1
2025010583477,1
2025010583484,2
2025010583490,36
2025010583491,22
2025010583492,27
2025010583501,6
2025010583509,35
2025010583537,17
2025010583538,1
2025010583546,81
2025010583556,42
2025010583561,1
2025010583583,4
2025010583585,14
2025010583587,9
2025010583607,1
2025010583620,74
2025010583625,15
2025010583628,3
2025010583632,20
2025010583646,1
2025010583652,2
2025010583653,3
2025010583657,35
2025010583660,26
2025010583679,11
2025010583682,6
2025010583688,9
2025010583691,14
2025010583708,4
2025010583725,45
2025010583730,20
2025010583734,1
2025010583737,91
2025010583738,22
2025010583739,43
2025010583740,4
2025010583742,25
2025010583746,26
2025010583754,25
2025010583758,20
2025010583760,2
2025010583769,24
2025010583772,1
2025010583775,1
2025010583781,24
2025010583796,54
2025010583803,38
2025010583807,10
2025010583837,1
2025010583839,7
2025010583844,51
2025010583846,58
2025010583848,4
2025010583851,104
2025010583855,1
2025010583866,2
2025010583869,1
2025010583875,31
2025010583885,4
2025010583897,152
2025010583942,1
2025010583987,1
2025010583999,3
2025010584009,30
2025010584010,114
2025010584019,27
2025010584031,21
2025010584040,62
2025010584102,1
2025010584164,10
2025010584192,6
2025010584215,2
2025010584230,58
2025010584304,56
2025010584374,4
2025010584436,27
2025010584459,5
2025010584590,8
2025010584591,11
2025010584615,2
2025010584630,2
2025010584638,78
2025010584640,22
2025010584797,54
2025010584891,14
2025010584917,37
2025010585127,67
2025010585193,35
2025010585206,52
2025010585209,7
2025010585298,127
2025010585351,19
2025010585475,7
2025010585806,111
2025010585994,34
2025010586005,109
2025010586256,6
2025010586290,4
2025010586544,136
2025010586551,172
2025010586573,67
2025010586599,1
2025010586779,2
2025010586810,14
2025010586992,1
2025010587558,1
2025010587890,7
2025010587949,99
2025010588423,24
2025010588452,6
2025010588454,75
2025010588482,19
2025010588664,7
2025010590215,116
2025010590640,14
2025010590772,11
2025010590960,36
2025010591650,79
2025010591686,10
2025010592922,29
2025010593045,20
2025010594027,1
2025010594936,40
2025010597743,23
2025010598768,21
2025010599795,5
2025010600635,21
2025010601230,26
2025010601419,57
2025010603088,3
2025010603608,9
2025010605077,26
